GeoID,Tract,TotalPop,MalePopulation,FemalePop,Age65andOver,WhiteOnly,BlackOnly,AIANOnly,AsianOnly,AsianIndian,AsianChinese,AsianFilipino,AsianJapanese,AsianKorean,AsianVietnamese,NHPIOnly,OtherRaceOnly,TwoOrMoreRaces,HispanicPop,EligibleVote,PercentofEligible2019
53033000100,"Census Tract 1, King County, Washington",8202,4280,3922,1264,4537,1396,39,1202,93,354,262,98,60,39,0,272,756,872,5775,0.8
53033000200,"Census Tract 2, King County, Washington",8779,4680,4099,1285,6000,613,36,1168,80,474,207,121,156,32,0,387,575,953,6335,0.79
53033000300,"Census Tract 3, King County, Washington",2953,1498,1455,301,2042,140,0,484,20,166,87,24,0,128,0,27,260,143,2280,0.8
53033000401,"Census Tract 4.01, King County, Washington",7145,2912,4233,1598,4487,1201,0,970,17,375,169,5,79,40,0,68,419,373,5655,0.79
53033000402,"Census Tract 4.02, King County, Washington",5190,2563,2627,1193,4280,71,0,465,13,84,174,65,34,36,23,17,334,145,4106,0.75
53033000500,"Census Tract 5, King County, Washington",3143,1582,1561,779,2709,24,0,278,10,134,90,12,8,24,0,0,132,73,2447,0.91
53033000600,"Census Tract 6, King County, Washington",8203,3924,4279,1238,5076,812,70,1094,116,594,130,47,52,31,0,668,483,866,6166,0.75
53033000700,"Census Tract 7, King County, Washington",5452,2793,2659,485,3430,636,63,997,17,520,198,31,48,165,0,156,170,692,3840,0.76
53033000800,"Census Tract 8, King County, Washington",2839,1409,1430,474,2137,98,0,412,0,85,64,22,79,147,8,0,184,22,2172,0.87
53033000900,"Census Tract 9, King County, Washington",2161,981,1180,497,1611,113,5,323,66,171,0,15,0,23,9,28,72,84,1708,0.9
53033001000,"Census Tract 10, King County, Washington",2036,959,1077,252,1456,163,4,219,28,129,27,5,0,12,0,9,185,29,1484,0.81
53033001100,"Census Tract 11, King County, Washington",2580,1290,1290,443,1979,7,8,367,0,122,138,8,82,9,18,72,129,141,1918,0.83
53033001200,"Census Tract 12, King County, Washington",6984,3263,3721,1257,4530,696,29,1094,90,257,76,57,95,169,0,127,508,532,5016,0.71
53033001300,"Census Tract 13, King County, Washington",4698,2036,2662,627,2817,289,124,894,71,326,44,134,104,70,0,294,280,725,3463,0.75
53033001400,"Census Tract 14, King County, Washington",5664,2628,3036,722,4455,52,71,416,0,171,49,13,54,20,13,108,549,152,4477,0.87
53033001500,"Census Tract 15, King County, Washington",2733,1375,1358,453,2271,56,7,213,15,66,7,60,19,15,0,0,186,19,2047,0.91
53033001600,"Census Tract 16, King County, Washington",4769,2294,2475,755,3857,29,16,582,209,124,41,128,24,0,0,37,248,187,3526,0.91
53033001701,"Census Tract 17.01, King County, Washington",4218,2044,2174,342,3054,341,9,361,170,57,63,18,35,0,24,30,399,337,3464,0.84
53033001702,"Census Tract 17.02, King County, Washington",5111,2880,2231,686,3800,251,61,516,33,150,184,56,0,53,0,177,306,488,4037,0.9
53033001800,"Census Tract 18, King County, Washington",4980,2626,2354,257,3880,37,0,643,148,274,62,0,102,48,31,66,323,291,3653,0.76
53033001900,"Census Tract 19, King County, Washington",5079,2526,2553,615,3737,166,15,822,47,391,167,0,52,16,0,35,304,195,3774,0.86
53033002000,"Census Tract 20, King County, Washington",3854,1840,2014,487,3129,54,9,431,29,134,84,44,18,41,0,31,200,134,3130,0.87
53033002100,"Census Tract 21, King County, Washington",4453,2268,2185,550,3600,73,6,593,60,288,67,39,28,99,0,45,136,216,3377,0.87
53033002200,"Census Tract 22, King County, Washington",5891,2895,2996,1232,4509,0,19,854,99,442,43,115,58,70,10,14,485,269,4350,0.91
53033002400,"Census Tract 24, King County, Washington",3391,1661,1730,444,2709,12,0,488,33,339,65,17,21,0,10,41,131,126,2484,0.89
53033002500,"Census Tract 25, King County, Washington",3451,1675,1776,534,2768,40,10,345,12,199,12,76,35,0,0,0,288,120,2557,0.91
53033002600,"Census Tract 26, King County, Washington",5377,2967,2410,454,4236,38,0,516,104,156,50,21,34,0,0,161,426,324,3955,0.91
53033002700,"Census Tract 27, King County, Washington",6393,3243,3150,783,4879,74,0,777,61,205,36,118,13,43,0,219,444,291,4987,0.88
53033002800,"Census Tract 28, King County, Washington",5144,2679,2465,450,4011,182,0,379,78,50,49,31,127,14,0,33,539,171,4040,0.88
53033002900,"Census Tract 29, King County, Washington",4856,2319,2537,462,4174,1,1,298,17,154,46,16,36,13,13,82,287,225,3655,0.91
53033003000,"Census Tract 30, King County, Washington",6328,3097,3231,577,5325,2,0,382,70,113,67,20,79,15,17,216,386,374,4519,0.91
53033003100,"Census Tract 31, King County, Washington",6551,3306,3245,896,5945,0,97,287,32,138,40,48,0,29,0,0,222,449,4863,0.9
53033003200,"Census Tract 32, King County, Washington",9140,4477,4663,1508,7951,54,25,423,73,73,56,20,99,34,0,137,550,541,7657,0.91
53033003300,"Census Tract 33, King County, Washington",8205,4138,4067,464,6655,132,56,622,104,111,182,96,73,40,0,92,648,553,6113,0.91
53033003400,"Census Tract 34, King County, Washington",3604,1713,1891,360,3134,54,0,223,1,117,37,0,35,9,0,24,169,134,2899,0.89
53033003500,"Census Tract 35, King County, Washington",4269,2064,2205,713,3625,36,2,339,39,77,68,18,26,7,14,8,245,201,3377,0.85
53033003600,"Census Tract 36, King County, Washington",7594,3734,3860,1180,5849,109,0,992,269,252,36,65,77,174,0,183,461,271,6220,0.91
53033003800,"Census Tract 38, King County, Washington",2471,1200,1271,279,1826,43,1,376,60,175,15,32,40,9,0,42,183,76,1810,0.91
53033003900,"Census Tract 39, King County, Washington",3097,1496,1601,438,2467,21,45,363,29,175,35,46,16,0,0,20,181,85,2140,0.88
53033004000,"Census Tract 40, King County, Washington",3236,1486,1750,442,2325,332,0,302,10,182,11,22,39,14,27,22,228,52,2300,0.91
53033004100,"Census Tract 41, King County, Washington",8102,4137,3965,1445,6548,97,4,942,37,636,16,46,164,4,23,1,487,240,5499,0.91
53033004200,"Census Tract 42, King County, Washington",8100,3752,4348,1357,6891,151,36,768,20,333,22,86,82,118,0,40,214,270,5909,0.91
53033004301,"Census Tract 43.01, King County, Washington",4047,1907,2140,441,2836,82,26,726,35,432,47,17,16,30,0,85,292,293,2892,0.73
53033004302,"Census Tract 43.02, King County, Washington",4046,2302,1744,351,2302,116,0,1211,165,528,30,81,130,40,0,33,384,161,3025,0.44
53033004400,"Census Tract 44, King County, Washington",7664,3905,3759,392,5698,267,0,1035,152,504,37,30,181,63,0,216,448,666,6217,0.68
53033004500,"Census Tract 45, King County, Washington",3388,1875,1513,202,2485,58,6,479,125,207,14,0,34,59,0,121,239,222,2639,0.79
53033004600,"Census Tract 46, King County, Washington",3627,1704,1923,402,3250,49,20,217,48,74,9,29,8,20,0,18,73,85,2701,0.88
53033004700,"Census Tract 47, King County, Washington",10303,5258,5045,981,8205,176,0,1249,28,696,100,88,100,93,0,57,616,637,8649,0.91
53033004800,"Census Tract 48, King County, Washington",5415,2745,2670,380,4495,45,29,416,32,214,17,31,66,8,0,74,356,146,4447,0.91
53033004900,"Census Tract 49, King County, Washington",7489,3842,3647,549,6469,15,18,520,92,134,61,0,70,21,0,111,356,372,6459,0.85
53033005000,"Census Tract 50, King County, Washington",4404,1944,2460,401,3434,270,16,344,41,19,140,49,43,0,26,40,274,254,3648,0.91
53033005100,"Census Tract 51, King County, Washington",3687,1798,1889,407,3066,116,8,228,7,91,34,34,35,6,8,71,190,185,2876,0.91
53033005200,"Census Tract 52, King County, Washington",6916,3969,2947,378,3613,274,0,2418,352,1313,23,206,312,135,17,93,501,319,4397,0.6
53033005301,"Census Tract 53.01, King County, Washington",8829,4548,4281,109,3613,358,180,3759,515,1848,92,78,751,179,23,151,745,370,5968,0.39
53033005302,"Census Tract 53.02, King County, Washington",5926,2634,3292,0,2699,226,35,2220,298,1124,114,85,242,83,34,83,629,407,4648,0.19
53033005400,"Census Tract 54, King County, Washington",6417,3294,3123,501,5004,141,0,779,155,200,70,115,167,54,0,27,466,269,5344,0.91
53033005600,"Census Tract 56, King County, Washington",7038,3277,3761,1467,6017,35,13,441,77,177,0,84,76,0,96,73,363,333,5028,0.91
53033005700,"Census Tract 57, King County, Washington",6851,3499,3352,908,5805,88,18,575,149,142,121,85,0,50,0,50,315,421,4994,0.9
53033005801,"Census Tract 58.01, King County, Washington",5784,3240,2544,545,4713,162,0,725,217,276,62,77,93,0,0,33,151,545,4336,0.9
53033005802,"Census Tract 58.02, King County, Washington",6263,3244,3019,623,4359,474,0,883,146,121,51,89,30,48,2,0,545,327,4795,0.81
53033005900,"Census Tract 59, King County, Washington",8137,3812,4325,517,6141,120,9,813,47,378,102,103,102,17,0,139,915,349,6393,0.67
53033006000,"Census Tract 60, King County, Washington",6300,3113,3187,764,5099,140,62,508,185,111,72,37,10,0,0,57,434,237,5059,0.85
53033006100,"Census Tract 61, King County, Washington",5412,2642,2770,511,4286,65,0,718,115,268,19,52,79,140,0,17,326,83,4644,0.89
53033006200,"Census Tract 62, King County, Washington",4536,2307,2229,690,3885,75,0,274,111,93,0,16,26,10,0,70,232,198,3432,0.91
53033006300,"Census Tract 63, King County, Washington",5851,2739,3112,1364,5237,101,0,180,36,25,66,0,48,5,0,17,316,44,4536,0.91
53033006400,"Census Tract 64, King County, Washington",3739,1769,1970,459,3101,62,38,231,132,45,13,12,18,0,24,13,270,123,2630,0.91
53033006500,"Census Tract 65, King County, Washington",4926,2592,2334,684,4090,22,10,368,62,117,43,62,49,15,15,80,341,311,4083,0.91
53033006600,"Census Tract 66, King County, Washington",4261,2114,2147,282,3277,90,16,569,297,127,38,33,74,0,0,43,266,146,3564,0.82
53033006700,"Census Tract 67, King County, Washington",9365,4967,4398,735,6164,147,0,2665,1292,842,52,282,28,0,0,0,389,405,6521,0.89
53033006800,"Census Tract 68, King County, Washington",3472,1615,1857,340,2970,0,0,372,40,148,75,19,76,14,0,47,83,126,2432,0.91
53033006900,"Census Tract 69, King County, Washington",5164,2384,2780,677,4429,0,16,387,134,68,83,31,38,0,0,59,273,227,3966,0.86
53033007000,"Census Tract 70, King County, Washington",7492,3435,4057,1205,5782,208,109,757,25,419,0,81,109,66,34,31,571,418,6732,0.79
53033007100,"Census Tract 71, King County, Washington",5301,2826,2475,341,3346,272,144,871,426,164,19,14,131,100,0,370,298,644,3831,0.91
53033007200,"Census Tract 72, King County, Washington",11293,6652,4641,711,6352,495,147,3372,1771,746,182,171,195,41,0,73,854,689,7750,0.91
53033007300,"Census Tract 73, King County, Washington",8480,4928,3552,882,4803,802,7,2053,620,859,126,32,291,0,50,164,601,795,6232,0.91
53033007401,"Census Tract 74.01, King County, Washington",5662,3286,2376,238,3966,166,0,1132,309,411,85,50,110,48,0,35,363,380,4862,0.91
53033007402,"Census Tract 74.02, King County, Washington",5702,3435,2267,238,3837,354,0,765,403,149,51,78,69,0,0,125,621,349,4881,0.78
53033007500,"Census Tract 75, King County, Washington",9387,4963,4424,344,7106,296,0,892,246,251,2,75,157,43,0,232,861,518,8095,0.91
53033007600,"Census Tract 76, King County, Washington",4569,2283,2286,544,3700,145,0,406,35,70,9,35,0,183,0,17,301,376,3911,0.91
53033007700,"Census Tract 77, King County, Washington",5475,2696,2779,452,3900,725,68,242,0,32,95,76,16,23,0,128,412,398,4214,0.91
53033007800,"Census Tract 78, King County, Washington",5900,3036,2864,893,4747,350,13,260,65,54,25,34,28,0,0,14,516,208,4483,0.91
53033007900,"Census Tract 79, King County, Washington",6434,3234,3200,773,4811,719,125,415,100,126,45,20,25,0,2,108,254,348,5402,0.91
53033008001,"Census Tract 80.01, King County, Washington",7183,4176,3007,760,4925,98,25,1680,766,553,0,89,96,43,0,59,396,476,5257,0.76
53033008002,"Census Tract 80.02, King County, Washington",3785,2119,1666,471,2356,329,58,785,104,353,83,45,73,46,0,67,190,203,3182,0.86
53033008100,"Census Tract 81, King County, Washington",4908,2957,1951,883,3454,386,63,536,164,143,64,52,70,10,0,125,344,420,4271,0.87
53033008200,"Census Tract 82, King County, Washington",4276,2271,2005,708,2673,285,0,957,406,258,55,45,33,40,0,59,302,148,3471,0.87
53033008300,"Census Tract 83, King County, Washington",3195,1679,1516,678,2100,175,43,762,297,273,27,18,94,15,0,65,50,228,2505,0.81
53033008400,"Census Tract 84, King County, Washington",5089,2831,2258,532,3449,431,0,936,165,383,34,105,121,128,0,43,230,234,4365,0.91
53033008500,"Census Tract 85, King County, Washington",4297,2855,1442,941,2400,675,53,654,64,162,151,26,65,133,27,148,340,385,3737,0.43
53033008600,"Census Tract 86, King County, Washington",6474,3260,3214,251,4024,460,28,1299,90,431,200,18,186,206,17,225,421,822,5469,0.68
53033008700,"Census Tract 87, King County, Washington",4442,2537,1905,329,2557,785,21,445,42,128,75,61,29,73,10,90,534,409,3461,0.87
53033008800,"Census Tract 88, King County, Washington",4678,2373,2305,284,2731,892,0,289,146,11,0,9,54,27,176,304,286,259,3547,0.91
53033008900,"Census Tract 89, King County, Washington",6156,3117,3039,838,3181,1479,38,826,265,141,70,60,67,141,0,28,604,392,4663,0.91
53033009000,"Census Tract 90, King County, Washington",3472,1666,1806,856,1294,893,69,781,28,198,92,129,159,123,8,35,392,163,2722,0.87
53033009100,"Census Tract 91, King County, Washington",2637,1343,1294,828,648,103,87,1636,0,1121,150,206,38,82,0,26,137,147,1944,0.56
53033009200,"Census Tract 92, King County, Washington",2581,1668,913,494,1268,268,81,695,0,484,56,31,63,50,4,58,207,175,2181,0.91
53033009300,"Census Tract 93, King County, Washington",3179,2155,1024,445,1931,281,30,544,75,264,34,96,0,6,0,36,357,225,2651,0.91
53033009400,"Census Tract 94, King County, Washington",7095,3753,3342,854,2889,644,109,1952,139,1202,256,16,0,140,3,1105,393,1579,4841,0.8
53033009500,"Census Tract 95, King County, Washington",6788,3486,3302,859,4240,1204,16,856,36,259,29,101,40,232,0,90,382,194,5077,0.91
53033009600,"Census Tract 96, King County, Washington",5771,3108,2663,1282,4602,64,47,553,0,100,226,63,82,16,0,41,464,289,4708,0.88
53033009701,"Census Tract 97.01, King County, Washington",6019,2996,3023,1139,5127,39,0,359,0,96,154,25,44,31,0,75,419,400,5043,0.91
53033009702,"Census Tract 97.02, King County, Washington",5695,2820,2875,856,5171,77,13,132,11,26,45,0,0,50,11,0,291,327,4192,0.91
53033009800,"Census Tract 98, King County, Washington",7318,3563,3755,1123,5985,93,0,478,25,59,61,31,147,43,0,36,726,373,5744,0.91
53033009900,"Census Tract 99, King County, Washington",5896,2685,3211,527,4392,204,0,528,24,210,56,71,54,32,0,174,598,441,4728,0.91
53033010001,"Census Tract 100.01, King County, Washington",4619,2116,2503,617,1642,1415,197,1191,0,343,239,169,17,374,0,24,150,354,3214,0.79
53033010002,"Census Tract 100.02, King County, Washington",4843,2397,2446,648,2142,453,0,1526,11,583,325,215,39,259,0,350,372,705,3472,0.78
53033010100,"Census Tract 101, King County, Washington",8671,4188,4483,1125,3518,2327,5,1644,19,190,546,59,44,581,92,436,649,742,6036,0.91
53033010200,"Census Tract 102, King County, Washington",4946,2437,2509,852,3162,630,0,837,0,159,75,90,0,386,0,95,222,188,3838,0.91
53033010300,"Census Tract 103, King County, Washington",7519,3902,3617,640,3181,2436,9,1281,77,368,85,21,17,336,31,78,503,247,5174,0.91
53033010401,"Census Tract 104.01, King County, Washington",4321,2095,2226,828,746,880,0,2151,10,1110,252,159,41,360,0,189,355,334,3033,0.68
53033010402,"Census Tract 104.02, King County, Washington",4900,2508,2392,704,1520,270,0,2384,0,1091,740,57,35,279,0,338,388,656,3604,0.72
53033010500,"Census Tract 105, King County, Washington",9195,4439,4756,1399,6990,278,64,768,121,37,117,50,192,96,7,157,931,406,7303,0.91
53033010600,"Census Tract 106, King County, Washington",8650,4324,4326,1310,7115,148,40,612,39,95,127,141,73,18,13,271,451,741,6364,0.91
53033010701,"Census Tract 107.01, King County, Washington",3978,2074,1904,287,1664,1136,0,679,9,165,141,23,53,128,116,160,223,346,2612,0.86
53033010702,"Census Tract 107.02, King County, Washington",4806,2358,2448,417,1582,1945,1,913,20,79,63,49,40,282,0,176,189,366,2797,0.91
53033010800,"Census Tract 108, King County, Washington",4902,2341,2561,586,2548,468,0,1161,49,119,176,46,64,288,34,95,596,538,3656,0.84
53033010900,"Census Tract 109, King County, Washington",1094,690,404,151,889,67,3,27,8,11,0,0,0,0,21,25,62,147,964,0.82
53033011001,"Census Tract 110.01, King County, Washington",5006,2286,2720,996,804,1803,11,1917,10,528,230,33,0,822,18,249,204,277,3136,0.7
53033011002,"Census Tract 110.02, King County, Washington",4923,2476,2447,707,501,1816,0,2477,0,1841,280,34,0,292,0,108,21,163,2603,0.63
53033011101,"Census Tract 111.01, King County, Washington",5561,2674,2887,703,1323,1283,24,2379,8,122,757,62,0,941,136,86,330,324,3690,0.83
53033011102,"Census Tract 111.02, King County, Washington",5160,2496,2664,695,2655,466,0,1301,0,191,439,32,9,611,0,301,437,446,3493,0.75
53033011200,"Census Tract 112, King County, Washington",3651,2048,1603,504,1607,390,110,580,20,171,126,18,13,171,55,558,351,812,2411,0.61
53033011300,"Census Tract 113, King County, Washington",6656,3021,3635,1041,3412,480,133,880,16,113,187,16,32,405,423,444,884,1037,4626,0.82
53033011401,"Census Tract 114.01, King County, Washington",4489,2264,2225,415,2426,706,48,577,45,115,251,23,8,82,19,391,322,572,3451,0.76
53033011402,"Census Tract 114.02, King County, Washington",4236,2056,2180,521,1954,278,9,622,8,47,255,20,87,90,19,914,440,1250,2622,0.68
53033011500,"Census Tract 115, King County, Washington",4539,2125,2414,517,3705,100,0,379,7,94,69,81,27,38,0,48,307,177,3595,0.87
53033011600,"Census Tract 116, King County, Washington",7065,3232,3833,1077,6466,118,5,255,0,0,0,54,14,56,0,0,221,508,5640,0.89
53033011700,"Census Tract 117, King County, Washington",5467,2691,2776,1042,936,1521,72,2231,0,768,410,20,0,672,65,111,531,395,4149,0.7
53033011800,"Census Tract 118, King County, Washington",8708,4406,4302,1023,1882,2511,31,1960,35,144,806,96,20,441,41,830,1453,1214,5953,0.69
53033011900,"Census Tract 119, King County, Washington",7519,3739,3780,867,2485,1891,117,2467,41,233,1114,205,111,441,0,58,501,602,5431,0.8
53033012000,"Census Tract 120, King County, Washington",3701,1855,1846,469,3121,296,0,66,7,0,45,6,0,8,0,45,173,223,2882,0.88
53033012100,"Census Tract 121, King County, Washington",2772,1255,1517,598,2346,36,26,152,0,20,52,30,0,2,0,13,199,309,2167,0.91
53033020100,"Census Tract 201, King County, Washington",3319,1734,1585,878,2681,132,51,280,27,88,12,59,60,9,0,43,132,112,2732,0.89
53033020200,"Census Tract 202, King County, Washington",5307,2478,2829,1436,4327,161,13,388,53,187,19,35,37,10,0,18,400,132,4107,0.84
53033020300,"Census Tract 203, King County, Washington",7358,3749,3609,1293,4841,538,0,1278,45,294,173,71,525,151,229,125,347,961,5047,0.77
53033020401,"Census Tract 204.01, King County, Washington",3658,1724,1934,513,2410,447,74,453,52,257,9,64,71,0,0,0,274,149,2767,0.82
53033020402,"Census Tract 204.02, King County, Washington",5510,2526,2984,940,4160,40,63,582,17,80,265,15,79,51,0,331,334,534,3971,0.83
53033020500,"Census Tract 205, King County, Washington",6962,2991,3971,1077,4614,142,4,1336,2,648,140,63,145,169,0,486,380,1003,5144,0.84
53033020600,"Census Tract 206, King County, Washington",3678,1865,1813,599,2383,291,32,739,0,291,84,142,30,74,0,8,225,209,2666,0.83
53033020700,"Census Tract 207, King County, Washington",4064,2002,2062,573,2555,434,10,671,67,152,117,42,8,42,20,153,221,602,2845,0.78
53033020800,"Census Tract 208, King County, Washington",4279,1968,2311,1015,3618,64,19,423,16,105,19,23,112,111,0,9,146,207,3310,0.9
53033020900,"Census Tract 209, King County, Washington",3420,1827,1593,698,2378,342,5,439,46,156,37,47,36,39,0,88,168,118,2552,0.79
53033021000,"Census Tract 210, King County, Washington",6024,3057,2967,1145,3587,455,87,1254,273,373,285,54,67,54,67,83,491,564,4579,0.78
53033021100,"Census Tract 211, King County, Washington",4396,2097,2299,531,2867,448,16,886,31,194,335,83,40,123,11,31,137,159,3189,0.75
53033021300,"Census Tract 213, King County, Washington",4064,1885,2179,767,3115,59,0,541,45,131,97,54,61,12,15,127,207,350,3017,0.83
53033021400,"Census Tract 214, King County, Washington",3961,1931,2030,693,3290,0,27,298,0,91,103,19,37,26,22,0,324,73,2772,0.91
53033021500,"Census Tract 215, King County, Washington",4821,2415,2406,926,3992,112,9,440,47,101,67,48,97,22,15,33,220,194,3698,0.91
53033021600,"Census Tract 216, King County, Washington",4903,2458,2445,871,3706,103,9,526,63,300,47,12,60,9,121,63,375,210,3816,0.91
53033021700,"Census Tract 217, King County, Washington",8980,4285,4695,907,6585,104,28,1499,452,532,81,92,271,35,28,386,350,1117,5965,0.8
53033021802,"Census Tract 218.02, King County, Washington",6014,3221,2793,526,4273,25,98,1252,555,271,0,62,25,259,0,212,154,628,3545,0.76
53033021803,"Census Tract 218.03, King County, Washington",5034,2379,2655,856,3669,198,6,674,155,236,9,16,53,12,8,109,370,244,3468,0.91
53033021804,"Census Tract 218.04, King County, Washington",5194,2586,2608,732,3307,253,19,662,130,342,42,28,72,1,0,587,366,885,3560,0.91
53033021903,"Census Tract 219.03, King County, Washington",6225,3283,2942,991,5127,182,55,508,102,39,0,117,23,72,0,36,317,506,4412,0.76
53033021904,"Census Tract 219.04, King County, Washington",5231,2564,2667,641,3006,109,5,1399,204,282,72,57,81,110,0,281,431,399,3393,0.75
53033021905,"Census Tract 219.05, King County, Washington",5669,2904,2765,731,4059,14,21,990,257,384,128,65,53,0,0,341,244,1030,3707,0.77
53033021906,"Census Tract 219.06, King County, Washington",4582,2309,2273,533,3108,104,34,811,246,296,157,29,23,20,0,295,230,536,2717,0.81
53033022001,"Census Tract 220.01, King County, Washington",5729,2985,2744,1253,4107,35,14,473,86,223,72,43,14,0,56,523,521,687,4367,0.85
53033022003,"Census Tract 220.03, King County, Washington",5245,2748,2497,639,3612,120,11,621,114,190,96,59,77,23,0,355,526,585,3669,0.71
53033022005,"Census Tract 220.05, King County, Washington",5024,2575,2449,530,3449,88,32,1104,576,219,131,70,43,0,0,59,292,291,3096,0.66
53033022006,"Census Tract 220.06, King County, Washington",3879,1738,2141,758,3422,16,2,279,63,81,8,25,19,73,0,23,137,300,2751,0.72
53033022101,"Census Tract 221.01, King County, Washington",4944,2330,2614,913,3959,61,1,673,40,362,88,96,0,55,0,1,249,150,3469,0.91
53033022102,"Census Tract 221.02, King County, Washington",6366,3181,3185,565,4927,2,0,1108,116,363,248,145,74,0,0,102,227,339,4131,0.87
53033022201,"Census Tract 222.01, King County, Washington",4707,2397,2310,586,3848,85,0,404,49,101,41,106,18,60,7,76,287,333,3438,0.79
53033022202,"Census Tract 222.02, King County, Washington",7437,3564,3873,989,5688,166,0,1037,88,518,100,37,21,80,0,134,412,433,5272,0.77
53033022203,"Census Tract 222.03, King County, Washington",5004,2610,2394,571,3966,91,0,743,232,226,18,117,87,19,0,21,183,196,3407,0.85
53033022300,"Census Tract 223, King County, Washington",2669,1304,1365,495,2170,34,0,199,34,54,10,6,9,19,0,49,217,120,2001,0.91
53033022400,"Census Tract 224, King County, Washington",8829,4307,4522,1035,7250,27,1,939,208,429,74,42,147,15,0,291,321,340,6270,0.91
53033022500,"Census Tract 225, King County, Washington",8429,3864,4565,1260,6579,0,21,1138,195,549,68,102,58,38,0,106,585,794,5658,0.87
53033022603,"Census Tract 226.03, King County, Washington",6234,3067,3167,825,4120,0,27,1609,405,690,55,86,150,1,0,180,298,495,3980,0.75
53033022604,"Census Tract 226.04, King County, Washington",5090,2641,2449,538,3821,0,0,974,276,342,11,136,168,18,28,55,212,413,3385,0.84
53033022605,"Census Tract 226.05, King County, Washington",6621,3204,3417,533,4126,130,25,1696,1079,383,15,63,14,93,0,364,280,1115,3695,0.59
53033022606,"Census Tract 226.06, King County, Washington",6279,2870,3409,926,4463,42,0,1627,610,830,0,142,0,0,0,50,97,301,4264,0.72
53033022701,"Census Tract 227.01, King County, Washington",3322,1599,1723,488,2665,74,25,369,91,65,62,25,75,0,0,15,174,217,2382,0.88
53033022702,"Census Tract 227.02, King County, Washington",4196,1963,2233,592,3377,56,11,463,84,237,6,27,60,22,40,14,235,70,3060,0.74
53033022703,"Census Tract 227.03, King County, Washington",2564,1279,1285,327,1800,48,0,578,279,153,22,32,24,25,0,1,137,172,1508,0.81
53033022801,"Census Tract 228.01, King County, Washington",9124,5083,4041,763,4150,355,34,4218,2806,864,90,44,56,237,0,45,322,531,3989,0.42
53033022802,"Census Tract 228.02, King County, Washington",5253,2768,2485,612,3451,96,0,1490,625,430,8,119,128,29,0,42,174,161,3010,0.65
53033022803,"Census Tract 228.03, King County, Washington",6223,3385,2838,644,2361,123,8,3151,1901,700,127,105,155,17,137,235,208,690,2568,0.48
53033022901,"Census Tract 229.01, King County, Washington",2821,1411,1410,613,1776,67,0,757,108,266,25,80,82,106,0,11,210,59,1999,0.77
53033022902,"Census Tract 229.02, King County, Washington",6663,3393,3270,1084,4116,112,0,2159,1251,512,0,94,41,127,0,65,211,137,3739,0.71
53033023000,"Census Tract 230, King County, Washington",6169,3262,2907,899,4177,97,0,1465,547,480,60,78,163,84,1,77,352,309,3869,0.86
53033023100,"Census Tract 231, King County, Washington",4188,2079,2109,807,2725,42,0,1026,216,583,73,38,33,52,0,59,336,434,2644,0.74
53033023201,"Census Tract 232.01, King County, Washington",6615,3549,3066,653,2768,64,7,3729,2870,742,49,14,15,0,0,0,47,206,2352,0.39
53033023202,"Census Tract 232.02, King County, Washington",4599,2415,2184,845,2646,323,21,1182,311,358,121,38,9,250,0,290,137,1164,2555,0.47
53033023300,"Census Tract 233, King County, Washington",7291,3696,3595,1048,5129,57,27,1603,832,477,0,70,30,157,0,261,214,825,4582,0.77
53033023401,"Census Tract 234.01, King County, Washington",3951,1889,2062,611,2133,168,169,1217,432,367,80,135,78,39,18,12,234,326,2372,0.67
53033023403,"Census Tract 234.03, King County, Washington",4334,2164,2170,735,3031,44,0,926,367,300,93,62,36,0,13,9,311,284,2828,0.81
53033023404,"Census Tract 234.04, King County, Washington",3547,1683,1864,441,2935,5,0,413,37,30,112,94,76,18,0,62,132,230,2458,0.89
53033023500,"Census Tract 235, King County, Washington",4065,2041,2024,550,2265,142,12,1372,240,475,0,130,286,79,0,38,236,167,2407,0.75
53033023601,"Census Tract 236.01, King County, Washington",4357,2219,2138,628,2081,209,12,1796,340,788,45,219,61,85,0,65,194,267,2381,0.7
53033023603,"Census Tract 236.03, King County, Washington",6562,3494,3068,557,2558,73,0,3491,2107,460,78,0,134,124,0,222,218,728,2585,0.45
53033023604,"Census Tract 236.04, King County, Washington",6297,3202,3095,868,3143,314,21,1728,748,512,123,0,47,21,268,582,241,809,3532,0.61
53033023700,"Census Tract 237, King County, Washington",4593,2352,2241,604,2693,58,0,1514,496,637,26,205,47,67,0,94,234,183,2893,0.87
53033023801,"Census Tract 238.01, King County, Washington",3419,1636,1783,270,1798,71,0,1349,286,580,47,10,341,8,66,16,119,514,1785,0.77
53033023803,"Census Tract 238.03, King County, Washington",5704,2923,2781,955,3027,0,0,2455,951,787,94,75,316,108,40,49,133,232,3495,0.78
53033023804,"Census Tract 238.04, King County, Washington",7965,4082,3883,872,4451,265,82,2884,1031,843,151,396,218,14,0,2,281,218,5132,0.91
53033023900,"Census Tract 239, King County, Washington",7006,3475,3531,1239,5030,88,15,1530,200,744,32,156,202,96,24,59,260,391,4737,0.82
53033024000,"Census Tract 240, King County, Washington",7656,4176,3480,1161,3929,106,0,3182,815,1494,21,45,584,48,0,136,303,245,4323,0.75
53033024100,"Census Tract 241, King County, Washington",4920,2465,2455,951,3478,31,8,1103,191,580,6,58,135,27,11,12,277,77,3189,0.91
53033024200,"Census Tract 242, King County, Washington",3260,1619,1641,595,2280,35,0,784,70,400,21,56,131,4,0,11,150,118,2110,0.91
53033024300,"Census Tract 243, King County, Washington",9008,4103,4905,1997,6642,219,0,1597,139,867,58,255,66,73,21,150,379,129,6888,0.91
53033024400,"Census Tract 244, King County, Washington",3108,1499,1609,647,2095,22,0,848,166,525,3,85,45,6,0,100,43,283,1950,0.79
53033024500,"Census Tract 245, King County, Washington",5133,2670,2463,980,3784,17,9,1000,185,559,15,130,36,60,0,65,258,230,3446,0.91
53033024601,"Census Tract 246.01, King County, Washington",4530,2276,2254,937,3565,30,1,741,28,374,16,138,70,9,0,0,193,39,3238,0.91
53033024602,"Census Tract 246.02, King County, Washington",3896,1891,2005,668,2969,7,12,793,5,491,0,124,113,0,0,0,115,161,2494,0.91
53033024701,"Census Tract 247.01, King County, Washington",3991,1878,2113,565,2000,291,0,1366,255,447,198,80,184,77,18,73,243,299,2449,0.75
53033024702,"Census Tract 247.02, King County, Washington",7670,3803,3867,1284,4629,365,0,2242,529,678,15,154,466,228,0,94,340,258,5382,0.8
53033024800,"Census Tract 248, King County, Washington",5930,2949,2981,614,2616,333,55,1765,230,720,72,191,411,19,0,554,607,720,3219,0.64
53033024901,"Census Tract 249.01, King County, Washington",5230,2724,2506,961,2174,17,20,2841,377,1927,0,107,307,17,0,0,178,71,3311,0.82
53033024902,"Census Tract 249.02, King County, Washington",4168,2086,2082,610,2215,97,0,1449,174,791,10,76,189,70,0,67,340,209,2669,0.76
53033024903,"Census Tract 249.03, King County, Washington",6730,3295,3435,988,3032,5,31,3361,458,1934,18,245,370,90,0,73,228,174,4020,0.82
53033025001,"Census Tract 250.01, King County, Washington",5375,2602,2773,799,3432,123,14,1538,174,796,67,181,80,88,0,122,146,433,3696,0.84
53033025003,"Census Tract 250.03, King County, Washington",7014,3361,3653,843,4495,125,0,2181,370,974,76,92,476,139,27,95,91,311,4884,0.82
53033025005,"Census Tract 250.05, King County, Washington",5197,2508,2689,484,2957,97,0,1736,437,715,98,95,247,46,0,32,375,284,3455,0.87
53033025006,"Census Tract 250.06, King County, Washington",6340,2934,3406,759,4056,19,0,1856,442,822,34,145,138,145,0,0,409,157,3946,0.91
53033025101,"Census Tract 251.01, King County, Washington",6633,3218,3415,748,3834,281,12,1651,102,301,560,19,168,329,13,492,350,847,4098,0.7
53033025102,"Census Tract 251.02, King County, Washington",8239,4023,4216,714,3971,399,0,3040,474,959,154,44,80,531,0,137,692,735,5261,0.83
53033025200,"Census Tract 252, King County, Washington",8999,4425,4574,890,5509,506,39,1846,91,705,92,130,176,414,66,579,454,1657,6072,0.73
53033025301,"Census Tract 253.01, King County, Washington",6613,3287,3326,620,3454,595,19,1358,22,260,539,13,125,196,0,587,600,845,5042,0.91
53033025302,"Census Tract 253.02, King County, Washington",5414,2676,2738,1042,2546,1072,14,676,54,63,245,26,63,216,339,334,433,641,4128,0.72
53033025400,"Census Tract 254, King County, Washington",7282,3827,3455,748,3779,449,80,1120,37,301,153,16,0,233,0,1385,469,2016,4730,0.58
53033025500,"Census Tract 255, King County, Washington",5004,2525,2479,477,2938,239,34,999,13,175,141,36,39,508,8,610,176,1421,3101,0.6
53033025601,"Census Tract 256.01, King County, Washington",5363,2797,2566,748,2250,148,38,1627,37,329,414,100,93,546,222,696,382,1040,3552,0.71
53033025602,"Census Tract 256.02, King County, Washington",6463,3131,3332,733,3660,218,11,2345,46,485,381,75,17,1084,0,106,123,503,4307,0.91
53033025701,"Census Tract 257.01, King County, Washington",6535,3363,3172,729,3419,949,118,936,295,63,120,22,0,156,155,494,464,754,4390,0.73
53033025702,"Census Tract 257.02, King County, Washington",3543,1826,1717,491,2224,317,0,645,12,69,287,71,32,127,44,55,258,285,2667,0.81
53033025803,"Census Tract 258.03, King County, Washington",4716,2317,2399,473,2278,480,57,426,59,27,181,27,0,13,37,773,665,1509,2897,0.68
53033025804,"Census Tract 258.04, King County, Washington",3518,1781,1737,502,2097,222,0,448,0,43,174,18,23,88,0,361,390,420,2256,0.74
53033025805,"Census Tract 258.05, King County, Washington",5244,2807,2437,492,2390,542,0,1451,305,297,395,0,36,145,123,424,314,910,3183,0.74
53033025806,"Census Tract 258.06, King County, Washington",5406,2663,2743,648,1778,1081,40,1871,563,507,226,18,48,185,48,34,554,188,3260,0.7
53033026001,"Census Tract 260.01, King County, Washington",5650,2602,3048,949,2140,1298,67,1473,28,270,275,103,21,703,0,414,258,509,4036,0.81
53033026002,"Census Tract 260.02, King County, Washington",8348,4204,4144,760,2524,2901,1,1969,16,116,366,160,0,1125,0,84,869,718,5090,0.65
53033026100,"Census Tract 261, King County, Washington",8433,4258,4175,930,1796,2113,37,3169,38,609,666,10,50,1549,95,847,376,870,5092,0.72
53033026200,"Census Tract 262, King County, Washington",5736,3035,2701,575,2569,665,83,1116,445,37,236,181,21,103,22,603,678,799,3905,0.71
53033026300,"Census Tract 263, King County, Washington",1588,855,733,224,424,34,0,662,78,43,212,11,0,150,161,39,268,135,1061,0.73
53033026400,"Census Tract 264, King County, Washington",5959,2948,3011,621,2656,719,59,721,0,0,159,43,0,292,293,1238,273,2281,3419,0.63
53033026500,"Census Tract 265, King County, Washington",4317,2091,2226,570,1543,789,0,862,70,26,122,0,8,526,24,593,506,1109,2572,0.77
53033026600,"Census Tract 266, King County, Washington",2285,1180,1105,300,1386,249,39,343,6,0,169,32,12,102,0,14,254,168,1746,0.8
53033026700,"Census Tract 267, King County, Washington",5604,2978,2626,946,3523,385,53,287,0,55,53,13,0,143,371,510,475,1019,3433,0.77
53033026801,"Census Tract 268.01, King County, Washington",6056,3119,2937,517,2561,542,184,777,0,35,256,0,11,231,47,1337,608,2187,3338,0.61
53033026802,"Census Tract 268.02, King County, Washington",5524,2839,2685,583,2021,482,16,1411,0,66,304,26,10,810,218,1096,280,1408,3103,0.7
53033027000,"Census Tract 270, King County, Washington",3162,1798,1364,441,1925,186,71,572,0,0,64,34,0,387,35,229,144,641,2339,0.67
53033027100,"Census Tract 271, King County, Washington",3790,1842,1948,564,2305,509,6,441,32,43,31,0,0,271,21,345,163,1098,2225,0.63
53033027200,"Census Tract 272, King County, Washington",2601,1366,1235,268,930,473,8,506,35,21,42,14,9,305,23,462,199,493,1394,0.64
53033027300,"Census Tract 273, King County, Washington",5598,2648,2950,519,2094,623,44,1960,0,17,249,19,133,229,0,532,345,1069,2888,0.55
53033027400,"Census Tract 274, King County, Washington",5432,2824,2608,806,2645,142,0,1318,65,43,143,15,53,596,28,572,727,1082,3770,0.67
53033027500,"Census Tract 275, King County, Washington",4762,2425,2337,672,2467,193,38,817,23,63,45,10,0,342,3,824,420,1127,3121,0.66
53033027600,"Census Tract 276, King County, Washington",4674,2598,2076,555,2818,376,131,233,0,22,44,0,0,148,0,1032,84,1308,2802,0.61
53033027701,"Census Tract 277.01, King County, Washington",5310,2283,3027,1362,5073,2,0,55,55,0,0,0,0,0,14,47,119,431,4262,0.91
53033027702,"Census Tract 277.02, King County, Washington",4981,2306,2675,1580,4821,5,56,77,0,32,0,36,0,9,0,20,2,76,4187,0.91
53033027800,"Census Tract 278, King County, Washington",3375,1642,1733,931,3125,11,0,107,0,0,35,58,0,0,0,18,114,61,2725,0.91
53033027900,"Census Tract 279, King County, Washington",8085,4004,4081,1073,5230,781,34,667,0,79,131,20,42,395,0,605,768,1536,5594,0.82
53033028000,"Census Tract 280, King County, Washington",4643,2338,2305,458,1520,881,57,726,17,11,341,18,0,281,176,1067,216,1286,2541,0.53
53033028100,"Census Tract 281, King County, Washington",2829,1543,1286,202,719,1089,58,428,11,0,28,0,0,116,217,104,214,209,1772,0.59
53033028200,"Census Tract 282, King County, Washington",4940,2530,2410,514,1717,1325,1,675,0,76,223,20,0,122,295,589,338,898,3226,0.66
53033028300,"Census Tract 283, King County, Washington",5359,2805,2554,715,2341,632,36,1575,626,191,303,16,8,216,0,298,477,448,3851,0.86
53033028402,"Census Tract 284.02, King County, Washington",5273,2677,2596,639,1636,1616,0,818,272,82,149,25,26,119,219,502,482,660,3017,0.59
53033028403,"Census Tract 284.03, King County, Washington",5119,2675,2444,947,1737,1588,48,478,0,18,0,42,0,130,498,380,390,623,3605,0.6
53033028500,"Census Tract 285, King County, Washington",4244,1997,2247,405,2064,393,5,573,0,11,114,79,82,80,0,642,567,1207,2852,0.69
53033028600,"Census Tract 286, King County, Washington",6524,3369,3155,1688,5512,88,0,598,0,30,146,63,0,169,0,231,95,389,5032,0.87
53033028700,"Census Tract 287, King County, Washington",5373,2676,2697,790,3835,209,34,625,12,27,119,47,2,76,43,264,363,939,4109,0.85
53033028801,"Census Tract 288.01, King County, Washington",3480,1943,1537,586,2135,235,93,215,0,39,20,37,23,26,140,396,266,1019,2216,0.47
53033028802,"Census Tract 288.02, King County, Washington",6993,3651,3342,649,2453,2257,15,761,135,204,214,66,13,55,429,783,295,1424,3173,0.59
53033028901,"Census Tract 289.01, King County, Washington",3334,1503,1831,710,2670,131,15,116,0,9,46,39,0,10,132,123,147,303,2393,0.81
53033028902,"Census Tract 289.02, King County, Washington",7184,3711,3473,523,1977,1203,13,517,0,36,195,2,15,152,549,2272,653,2404,3516,0.52
53033029001,"Census Tract 290.01, King County, Washington",4795,2099,2696,1387,3463,208,0,511,28,39,118,0,39,149,55,209,349,418,3719,0.77
53033029003,"Census Tract 290.03, King County, Washington",5694,2826,2868,559,2548,326,57,1405,268,240,165,100,39,469,25,703,630,1278,3441,0.66
53033029004,"Census Tract 290.04, King County, Washington",3978,2074,1904,204,1759,471,0,421,46,0,88,0,37,49,0,1087,240,1619,1522,0.41
53033029101,"Census Tract 291.01, King County, Washington",3327,1462,1865,388,1255,685,8,846,288,89,141,13,42,238,15,215,303,352,2142,0.77
53033029102,"Census Tract 291.02, King County, Washington",4741,2495,2246,664,2579,625,68,333,55,28,14,24,4,0,548,359,229,1063,3386,0.67
53033029203,"Census Tract 292.03, King County, Washington",4284,2791,1493,360,2120,410,49,339,20,27,107,15,32,21,189,636,541,1149,2916,0.6
53033029204,"Census Tract 292.04, King County, Washington",7704,3752,3952,613,3564,915,40,1336,146,261,219,15,80,248,0,1255,594,1770,4664,0.64
53033029205,"Census Tract 292.05, King County, Washington",5097,2563,2534,622,2228,765,106,754,0,66,307,87,24,177,173,803,268,1091,3145,0.63
53033029206,"Census Tract 292.06, King County, Washington",4272,2069,2203,651,1727,753,32,245,0,10,81,21,0,60,400,770,345,1156,2438,0.51
53033029303,"Census Tract 293.03, King County, Washington",7460,3684,3776,1215,3430,758,27,1980,229,195,662,41,181,542,200,218,847,377,5373,0.71
53033029304,"Census Tract 293.04, King County, Washington",5416,2579,2837,790,3132,393,55,1252,77,200,153,35,93,374,56,202,326,688,3933,0.82
53033029305,"Census Tract 293.05, King County, Washington",4177,2190,1987,589,1900,469,0,1338,238,67,505,38,7,337,0,211,259,343,2871,0.78
53033029306,"Census Tract 293.06, King County, Washington",3756,1704,2052,614,2074,191,67,1293,232,340,380,8,61,246,0,56,75,191,2621,0.85
53033029307,"Census Tract 293.07, King County, Washington",4314,2151,2163,653,2592,73,68,1204,251,199,95,14,13,439,11,168,198,285,2990,0.79
53033029403,"Census Tract 294.03, King County, Washington",6016,3277,2739,796,2300,842,20,1937,374,361,448,28,168,278,0,746,171,758,4000,0.71
53033029405,"Census Tract 294.05, King County, Washington",5798,3068,2730,591,3327,273,2,1440,86,318,278,24,70,504,0,268,488,570,3904,0.79
53033029406,"Census Tract 294.06, King County, Washington",5223,2688,2535,536,2321,414,53,2009,599,243,622,0,12,300,0,206,220,399,3391,0.75
53033029407,"Census Tract 294.07, King County, Washington",4954,2520,2434,578,2178,435,8,1133,201,200,220,45,0,300,139,388,673,638,2467,0.55
53033029408,"Census Tract 294.08, King County, Washington",4087,2314,1773,420,1457,343,7,846,183,41,323,8,18,182,54,933,447,1336,2436,0.58
53033029502,"Census Tract 295.02, King County, Washington",7757,3858,3899,934,3592,816,51,2275,372,678,201,41,136,339,298,185,540,373,4862,0.8
53033029503,"Census Tract 295.03, King County, Washington",8975,4405,4570,681,3238,2150,58,1800,443,71,349,16,31,260,265,1030,434,1654,4760,0.5
53033029504,"Census Tract 295.04, King County, Washington",6004,2687,3317,603,2343,1100,11,982,80,97,68,140,7,173,52,680,836,1245,3517,0.63
53033029601,"Census Tract 296.01, King County, Washington",7578,3474,4104,746,3141,1368,100,2224,169,107,507,45,166,832,36,118,591,491,4398,0.68
53033029602,"Census Tract 296.02, King County, Washington",6293,3155,3138,667,4110,207,1,1281,555,27,162,26,104,116,11,225,458,579,4039,0.91
53033029700,"Census Tract 297, King County, Washington",7710,3488,4222,1449,4513,939,90,724,34,278,307,0,17,63,6,1084,354,1470,5076,0.67
53033029801,"Census Tract 298.01, King County, Washington",9802,4757,5045,916,5283,792,30,1084,186,117,328,23,76,25,519,1026,1068,1551,6163,0.66
53033029802,"Census Tract 298.02, King County, Washington",9316,4695,4621,1239,5328,452,124,1596,300,265,530,46,279,102,156,1076,584,1614,6246,0.76
53033029901,"Census Tract 299.01, King County, Washington",4533,2312,2221,513,3237,368,30,465,0,0,198,25,64,67,53,54,326,487,3110,0.7
53033029902,"Census Tract 299.02, King County, Washington",4821,2412,2409,759,3010,324,11,851,52,113,117,11,271,137,52,152,421,456,3447,0.91
53033030003,"Census Tract 300.03, King County, Washington",6524,3411,3113,1103,3483,942,13,422,0,44,187,79,46,55,53,821,790,1665,4075,0.73
53033030004,"Census Tract 300.04, King County, Washington",8888,4764,4124,513,2624,2447,0,754,2,98,469,9,15,51,690,1936,437,2379,4944,0.55
53033030005,"Census Tract 300.05, King County, Washington",5919,3084,2835,614,2461,474,12,741,103,5,223,0,52,156,20,1862,349,2596,3081,0.57
53033030006,"Census Tract 300.06, King County, Washington",3964,1916,2048,625,1633,832,59,541,0,45,114,21,273,33,93,613,193,1261,2352,0.53
53033030100,"Census Tract 301, King County, Washington",7568,3571,3997,1529,5194,862,211,406,42,77,0,96,176,0,132,150,613,612,5706,0.8
53033030201,"Census Tract 302.01, King County, Washington",5476,2736,2740,544,3265,506,82,495,31,54,140,31,126,37,124,550,454,1079,3454,0.7
53033030202,"Census Tract 302.02, King County, Washington",7240,3585,3655,1073,3871,1180,15,939,0,241,194,65,244,183,12,589,634,1390,4160,0.7
53033030304,"Census Tract 303.04, King County, Washington",4216,1777,2439,482,2211,798,0,792,0,50,165,0,477,77,23,152,240,768,2487,0.9
53033030305,"Census Tract 303.05, King County, Washington",4981,2280,2701,962,3359,666,26,674,5,173,18,15,333,130,0,48,208,622,3736,0.76
53033030306,"Census Tract 303.06, King County, Washington",5516,2856,2660,698,3249,655,90,581,49,56,223,15,178,8,2,529,410,742,4095,0.75
53033030308,"Census Tract 303.08, King County, Washington",7017,3572,3445,749,3314,919,52,856,0,156,175,129,219,150,600,382,894,998,4638,0.7
53033030309,"Census Tract 303.09, King County, Washington",5503,2854,2649,802,2678,1165,31,858,3,90,252,0,433,54,13,245,513,612,4032,0.62
53033030310,"Census Tract 303.10, King County, Washington",6590,3239,3351,642,3352,346,0,1649,20,102,363,39,763,232,101,361,781,826,4190,0.83
53033030311,"Census Tract 303.11, King County, Washington",5071,2857,2214,684,2878,444,45,503,0,120,172,8,91,97,137,614,450,1228,3351,0.68
53033030312,"Census Tract 303.12, King County, Washington",5104,2418,2686,510,2803,794,101,318,0,63,40,24,178,8,398,123,567,797,3363,0.71
53033030313,"Census Tract 303.13, King County, Washington",4416,2086,2330,916,2562,769,22,424,5,0,52,0,171,173,164,169,306,1068,2531,0.6
53033030314,"Census Tract 303.14, King County, Washington",4362,1701,2661,966,1720,629,14,957,0,59,228,22,260,379,5,575,462,611,3058,0.72
53033030401,"Census Tract 304.01, King County, Washington",9305,4976,4329,889,5851,922,253,631,19,0,137,7,313,79,284,482,882,781,6736,0.79
53033030403,"Census Tract 304.03, King County, Washington",4593,2385,2208,927,3363,135,44,687,47,55,71,14,214,250,0,37,327,264,3576,0.83
53033030404,"Census Tract 304.04, King County, Washington",5028,2520,2508,680,3998,119,88,355,84,0,39,9,140,31,18,66,384,508,3396,0.88
53033030501,"Census Tract 305.01, King County, Washington",1944,922,1022,441,1222,185,16,107,18,0,60,0,10,0,119,144,151,181,1557,0.85
53033030503,"Census Tract 305.03, King County, Washington",5269,2849,2420,864,3511,345,73,801,279,36,318,41,83,44,0,147,392,490,3547,0.79
53033030504,"Census Tract 305.04, King County, Washington",4655,2404,2251,707,3013,406,167,256,68,44,122,7,0,0,117,276,420,618,3092,0.65
53033030600,"Census Tract 306, King County, Washington",5533,2721,2812,533,3662,183,194,581,49,58,313,0,30,45,37,580,296,1153,3402,0.67
53033030700,"Census Tract 307, King County, Washington",4077,2040,2037,484,2810,327,17,244,0,0,80,0,0,79,6,396,277,922,2832,0.65
53033030801,"Census Tract 308.01, King County, Washington",6989,3275,3714,503,3278,779,138,81,0,4,0,0,16,0,21,1701,991,3320,3440,0.41
53033030802,"Census Tract 308.02, King County, Washington",3481,1761,1720,418,2442,184,0,188,1,0,30,9,0,21,347,206,114,803,2074,0.64
53033030901,"Census Tract 309.01, King County, Washington",3786,1928,1858,290,2155,229,88,505,79,0,248,0,5,38,169,224,416,629,2588,0.7
53033030902,"Census Tract 309.02, King County, Washington",6350,2945,3405,602,3584,334,0,1088,132,0,460,62,0,0,238,476,630,1539,3960,0.67
53033031000,"Census Tract 310, King County, Washington",4518,2197,2321,424,3392,224,9,411,0,94,67,0,84,137,67,69,346,338,3293,0.91
53033031100,"Census Tract 311, King County, Washington",7284,3499,3785,976,4340,415,510,308,6,21,97,4,0,23,421,456,834,1584,4755,0.62
53033031202,"Census Tract 312.02, King County, Washington",6541,3139,3402,1129,4827,140,1167,11,0,5,0,6,0,0,4,54,338,596,4910,0.81
53033031204,"Census Tract 312.04, King County, Washington",6093,3122,2971,1161,5043,21,81,250,34,0,1,0,11,168,0,395,303,614,4612,0.82
53033031205,"Census Tract 312.05, King County, Washington",8370,4137,4233,624,4020,721,94,1541,305,274,351,12,64,155,87,800,1107,1532,5153,0.78
53033031206,"Census Tract 312.06, King County, Washington",5692,2843,2849,684,3577,117,108,1179,113,524,137,131,50,47,0,411,300,963,3221,0.59
53033031301,"Census Tract 313.01, King County, Washington",2565,1258,1307,519,2324,0,6,30,19,0,11,0,0,0,21,59,125,401,1799,0.83
53033031302,"Census Tract 313.02, King County, Washington",4387,2015,2372,661,3838,0,0,11,0,0,11,0,0,0,0,374,164,542,3023,0.84
53033031400,"Census Tract 314, King County, Washington",6134,3189,2945,935,5467,27,0,69,0,0,11,0,0,25,0,400,171,763,4610,0.79
53033031501,"Census Tract 315.01, King County, Washington",4142,1924,2218,652,3773,0,25,37,0,12,10,15,0,0,44,12,251,81,3152,0.9
53033031502,"Census Tract 315.02, King County, Washington",4280,1982,2298,855,3899,0,136,80,0,31,20,8,0,0,12,0,153,308,3152,0.91
53033031601,"Census Tract 316.01, King County, Washington",5499,2858,2641,832,4603,44,0,242,57,44,0,0,29,112,43,412,155,670,4016,0.87
53033031603,"Census Tract 316.03, King County, Washington",6727,3124,3603,552,5660,19,36,390,204,45,0,0,119,22,0,36,586,385,4694,0.91
53033031604,"Census Tract 316.04, King County, Washington",5907,3009,2898,300,4572,61,9,451,0,0,207,95,23,84,0,116,698,402,3601,0.91
53033031605,"Census Tract 316.05, King County, Washington",4212,2069,2143,517,3795,28,53,103,0,49,26,0,16,0,0,22,211,396,3131,0.9
53033031703,"Census Tract 317.03, King County, Washington",6917,3269,3648,1289,5444,244,73,717,133,76,88,15,19,102,0,200,239,649,5065,0.85
53033031704,"Census Tract 317.04, King County, Washington",6101,3022,3079,467,3179,486,20,1366,171,29,681,0,89,66,84,457,509,652,3856,0.76
53033031705,"Census Tract 317.05, King County, Washington",4157,2102,2055,467,2913,199,55,663,63,136,331,0,74,10,0,0,327,130,2979,0.89
53033031706,"Census Tract 317.06, King County, Washington",8335,4292,4043,882,5249,403,0,1333,136,490,369,0,115,145,2,700,648,960,6023,0.91
53033031800,"Census Tract 318, King County, Washington",4727,2228,2499,935,3412,146,0,876,369,74,321,49,25,0,19,50,224,108,3487,0.84
53033031903,"Census Tract 319.03, King County, Washington",7213,3712,3501,1111,5341,33,44,874,265,161,3,73,12,291,0,252,669,482,5058,0.88
53033031904,"Census Tract 319.04, King County, Washington",3368,1574,1794,497,3107,8,0,41,7,15,1,2,0,0,0,50,162,122,2467,0.9
53033031906,"Census Tract 319.06, King County, Washington",4017,2021,1996,678,3117,121,0,692,0,127,46,49,0,137,0,13,74,71,2896,0.91
53033031907,"Census Tract 319.07, King County, Washington",8284,3979,4305,1062,4735,514,58,1639,164,875,199,81,67,160,24,183,1131,694,5751,0.8
53033031908,"Census Tract 319.08, King County, Washington",4377,2270,2107,490,2627,721,0,329,20,54,112,20,17,35,152,60,488,360,3318,0.72
53033031909,"Census Tract 319.09, King County, Washington",3261,1652,1609,482,2045,420,0,658,1,203,135,40,24,90,23,1,114,105,2287,0.81
53033032002,"Census Tract 320.02, King County, Washington",3230,1688,1542,432,2980,92,0,30,0,12,0,12,6,0,0,38,90,73,2454,0.88
53033032003,"Census Tract 320.03, King County, Washington",5557,2991,2566,717,5059,19,0,123,65,41,6,11,0,0,0,69,287,334,4207,0.91
53033032005,"Census Tract 320.05, King County, Washington",6814,3471,3343,762,5385,181,20,604,0,0,265,120,21,158,96,0,528,472,5173,0.81
53033032006,"Census Tract 320.06, King County, Washington",5562,2642,2920,903,4827,101,30,160,49,34,8,32,18,0,40,57,347,301,4069,0.91
53033032007,"Census Tract 320.07, King County, Washington",3513,1752,1761,420,3110,144,11,60,0,7,17,12,12,0,32,8,148,148,2620,0.91
53033032008,"Census Tract 320.08, King County, Washington",4508,2325,2183,552,3949,41,0,170,0,24,38,27,0,0,0,110,238,383,3236,0.89
53033032010,"Census Tract 320.10, King County, Washington",6229,3034,3195,554,5318,23,28,404,86,101,167,0,16,0,0,15,441,299,4099,0.91
53033032011,"Census Tract 320.11, King County, Washington",4455,2247,2208,351,3692,54,0,313,75,132,24,41,18,0,0,0,396,203,2792,0.91
53033032102,"Census Tract 321.02, King County, Washington",5277,2840,2437,782,4875,25,0,184,11,81,12,23,35,0,0,12,181,226,3942,0.91
53033032103,"Census Tract 321.03, King County, Washington",5410,2864,2546,698,4377,67,0,568,82,147,63,51,86,20,0,201,197,684,3774,0.91
53033032104,"Census Tract 321.04, King County, Washington",6267,2882,3385,999,4737,113,0,445,71,143,39,72,0,120,0,728,244,1026,4447,0.81
53033032203,"Census Tract 322.03, King County, Washington",8320,4034,4286,744,5503,2,0,2505,1503,699,16,0,266,21,0,99,211,391,4700,0.91
53033032207,"Census Tract 322.07, King County, Washington",3871,1824,2047,431,2926,18,0,749,458,242,10,39,0,0,0,0,178,108,2475,0.91
53033032208,"Census Tract 322.08, King County, Washington",9649,4574,5075,2061,6584,145,7,2258,620,948,112,213,193,16,0,62,593,737,6526,0.85
53033032210,"Census Tract 322.10, King County, Washington",15208,7490,7718,910,8613,545,124,4348,2127,1413,176,116,357,0,0,568,1010,1260,8749,0.91
53033032211,"Census Tract 322.11, King County, Washington",5047,2515,2532,505,3117,62,64,1510,459,575,76,97,45,0,13,0,281,219,2794,0.78
53033032212,"Census Tract 322.12, King County, Washington",8209,3761,4448,721,4457,298,0,2947,1171,996,88,341,77,20,0,63,444,337,4467,0.77
53033032213,"Census Tract 322.13, King County, Washington",4306,2095,2211,417,3162,1,38,1011,376,465,0,17,109,44,0,1,93,145,2737,0.91
53033032214,"Census Tract 322.14, King County, Washington",6876,3357,3519,395,3461,33,0,3094,1310,1369,0,110,30,144,24,0,264,188,3308,0.8
53033032215,"Census Tract 322.15, King County, Washington",5189,2658,2531,317,2689,182,0,2178,805,1105,10,8,182,0,0,10,130,75,2540,0.91
53033032307,"Census Tract 323.07, King County, Washington",6034,2948,3086,727,5299,0,0,414,170,96,66,42,0,0,0,16,305,194,4148,0.88
53033032309,"Census Tract 323.09, King County, Washington",8842,4675,4167,750,4125,168,26,3724,1849,1025,0,375,237,115,22,70,707,391,4678,0.86
53033032311,"Census Tract 323.11, King County, Washington",5836,3086,2750,782,5043,109,0,447,0,335,78,22,0,0,0,15,222,206,4275,0.91
53033032313,"Census Tract 323.13, King County, Washington",6858,3716,3142,596,2413,176,0,3718,2769,484,127,44,97,20,0,57,494,424,2998,0.5
53033032315,"Census Tract 323.15, King County, Washington",5335,2694,2641,657,4707,32,5,427,180,74,9,71,41,25,0,10,154,207,3882,0.91
53033032316,"Census Tract 323.16, King County, Washington",5463,2733,2730,470,3595,55,0,1561,626,627,41,80,14,47,33,9,210,49,3295,0.88
53033032317,"Census Tract 323.17, King County, Washington",6548,3298,3250,629,4760,36,0,1298,510,676,0,47,12,0,0,63,391,360,3973,0.82
53033032318,"Census Tract 323.18, King County, Washington",7115,3766,3349,407,3790,66,15,2924,1739,941,42,18,103,40,0,0,320,203,3598,0.79
53033032319,"Census Tract 323.19, King County, Washington",5994,2929,3065,1014,5186,102,4,339,144,71,88,36,0,0,22,79,262,392,4449,0.89
53033032320,"Census Tract 323.20, King County, Washington",4659,2443,2216,701,4144,40,11,304,139,92,30,11,23,9,28,21,111,199,3332,0.91
53033032321,"Census Tract 323.21, King County, Washington",6655,3286,3369,721,3740,23,33,2499,1072,1154,9,9,79,82,11,39,310,295,3551,0.91
53033032322,"Census Tract 323.22, King County, Washington",3448,1799,1649,420,2665,22,0,599,169,283,0,54,0,17,0,12,150,93,2252,0.87
53033032323,"Census Tract 323.23, King County, Washington",6061,3091,2970,842,4275,24,0,1388,841,221,56,148,18,0,0,46,328,506,3682,0.81
53033032324,"Census Tract 323.24, King County, Washington",6066,2964,3102,550,3849,141,0,1680,764,510,0,231,62,12,0,249,147,716,3239,0.71
53033032325,"Census Tract 323.25, King County, Washington",6026,2875,3151,454,3472,200,57,1791,930,328,4,96,21,22,0,51,455,469,3038,0.62
53033032326,"Census Tract 323.26, King County, Washington",3667,1795,1872,718,2949,31,0,461,198,167,0,37,42,0,0,85,141,325,2581,0.87
53033032327,"Census Tract 323.27, King County, Washington",4313,2035,2278,2228,3778,66,12,389,197,79,11,45,24,0,0,12,56,204,3667,0.91
53033032328,"Census Tract 323.28, King County, Washington",3435,1733,1702,414,2747,68,30,446,331,41,0,22,9,0,0,0,144,104,2063,0.89
53033032329,"Census Tract 323.29, King County, Washington",8926,4453,4473,860,4502,59,14,3949,2686,743,19,134,176,0,0,41,361,344,4200,0.88
53033032401,"Census Tract 324.01, King County, Washington",6174,3128,3046,605,5871,2,0,156,25,20,0,92,19,0,0,3,142,44,4314,0.91
53033032402,"Census Tract 324.02, King County, Washington",7025,3464,3561,637,6194,79,10,214,16,15,0,41,48,0,0,359,169,888,4871,0.91
53033032500,"Census Tract 325, King County, Washington",5447,2689,2758,605,5117,56,8,98,0,7,14,24,9,20,8,15,145,355,4072,0.91
53033032601,"Census Tract 326.01, King County, Washington",3166,1545,1621,576,2685,0,0,156,8,45,90,0,0,13,27,55,243,309,2309,0.86
53033032602,"Census Tract 326.02, King County, Washington",14491,7215,7276,1174,11573,154,32,1690,761,209,236,117,120,17,0,247,795,809,8697,0.91
53033032702,"Census Tract 327.02, King County, Washington",6828,3478,3350,631,6224,109,77,60,0,20,23,17,0,0,13,125,220,284,5141,0.91
53033032703,"Census Tract 327.03, King County, Washington",2486,1347,1139,189,2309,0,10,55,0,14,8,0,14,8,0,23,89,191,1819,0.81
53033032704,"Census Tract 327.04, King County, Washington",7326,3789,3537,919,6096,82,0,218,0,50,105,0,19,0,0,610,320,942,5119,0.91
53033032800,"Census Tract 328, King County, Washington",2557,1319,1238,318,2471,9,19,16,0,10,0,0,0,0,0,0,42,124,2133,0.86